PO_BudgetCheck_Q!_FilterDatabase,=PO_BudgetCheck_Q!$A$3:$E$3,
PO_ChangeOrder_Q!_FilterDatabase,=PO_ChangeOrder_Q!$A$3:$J$3,
PO_eQuote_Q!_FilterDatabase,=PO_eQuote_Q!$A$3:$AH$3,
PO_Q!_FilterDatabase,=PO_Q!$A$3:$AE$3,
PO_Receipt_Q!_FilterDatabase,=PO_Receipt_Q!$A$3:$M$3,
CFG_DEBUG_MODE,=README!$K$67,
CFG_DEBUGOPTS_ADD_METHOD_NAMES,=README!$K$73,
CFG_DEBUGOPTS_CAPTURE_EXCEPTIONS,=README!$K$72,
CFG_DEBUGOPTS_QUIT_BEFORE_SAVE,=README!$K$77,
CFG_DEBUGOPTS_SAVE_OUTPUT,=README!$K$74,
CFG_DEBUGOPTS_SAVE_PAGE_SRC,=README!$K$76,
CFG_DEBUGOPTS_SAVE_SCREENSHOTS,=README!$K$75,
CFG_MAX_CONSECUTIVE_ERRORS,=README!$K$69,
